{
 "entity.villager.ambient": {
        "replace": true,
        "sounds": [
            {"name": "voices:entity/villager/ambient/idle1", "volume": 0.5},
            {"name": "voices:entity/villager/ambient/idle2", "volume": 0.5},
            {"name": "voices:entity/villager/ambient/idle4", "volume": 0.5},
            {"name": "voices:entity/villager/ambient/idle5", "volume": 0.5},
            {"name": "voices:entity/villager/ambient/idle6", "volume": 0.5},
            {"name": "voices:entity/villager/ambient/idle7", "volume": 0.5},
            {"name": "voices:entity/villager/ambient/idle8", "volume": 0.5}
        ],
        "subtitle": "subtitles.entity.villager.ambient"
    },
 "entity.villager.celebrate": {
        "replace": true,
        "sounds": [
            {"name": "voices:entity/villager/celebrate/accept1", "volume": 0.5},
            {"name": "voices:entity/villager/celebrate/accept2", "volume": 0.5},
            {"name": "voices:entity/villager/celebrate/accept3", "volume": 0.5}
        ],
        "subtitle": "subtitles.entity.villager.celebrate"
    },
 "entity.villager.death": {
        "replace": true,
        "sounds": [
            {"name": "voices:entity/villager/death/death", "volume": 0.5}
        ],
        "subtitle": "subtitles.entity.villager.death"
    },
 "entity.villager.hurt": {
        "replace": true,
        "sounds": [
            {"name": "voices:entity/villager/hurt/hurt1", "volume": 0.5},
            {"name": "voices:entity/villager/hurt/hurt2", "volume": 0.5},
            {"name": "voices:entity/villager/hurt/hurt3", "volume": 0.5},
            {"name": "voices:entity/villager/hurt/hurt4", "volume": 0.5}
        ],
        "subtitle": "subtitles.entity.villager.hurt"
    },
 "entity.villager.no": {
        "replace": true,
        "sounds": [
            {"name": "voices:entity/villager/no/deny1", "volume": 0.5},
            {"name": "voices:entity/villager/no/deny2", "volume": 0.5},
            {"name": "voices:entity/villager/no/deny3", "volume": 0.5}
        ],
        "subtitle": "subtitles.entity.villager.no"
    },
 "entity.villager.trade": {
        "replace": true,
        "sounds": [
            {"name": "voices:entity/villager/trade/trade1", "volume": 0.5},
            {"name": "voices:entity/villager/trade/trade2", "volume": 0.5},
            {"name": "voices:entity/villager/trade/trade3", "volume": 0.5}
        ],
        "subtitle": "subtitles.entity.villager.trade"
    },
 "entity.villager.yes": {
        "replace": true,
        "sounds": [
            {"name": "voices:entity/villager/yes/accept1", "volume": 0.5},
            {"name": "voices:entity/villager/yes/accept2", "volume": 0.5},
            {"name": "voices:entity/villager/yes/accept3", "volume": 0.5}
        ],
        "subtitle": "subtitles.entity.villager.yes"
    },
    "entity.wandering_trader.ambient": {
        "replace": true,
        "sounds": [
            {"name": "voices:entity/villager/ambient/idle1", "volume": 0.5},
            {"name": "voices:entity/villager/ambient/idle2", "volume": 0.5},
            {"name": "voices:entity/villager/ambient/idle4", "volume": 0.5},
            {"name": "voices:entity/villager/ambient/idle5", "volume": 0.5},
            {"name": "voices:entity/villager/ambient/idle6", "volume": 0.5},
            {"name": "voices:entity/villager/ambient/idle7", "volume": 0.5},
            {"name": "voices:entity/villager/ambient/idle8", "volume": 0.5}
        ],
        "subtitle": "subtitles.entity.wandering_trader.ambient"
    },
    "entity.wandering_trader.trade": {
        "replace": true,
        "sounds": [
            {"name": "voices:entity/villager/trade/trade1", "volume": 0.5},
            {"name": "voices:entity/villager/trade/trade2", "volume": 0.5},
            {"name": "voices:entity/villager/trade/trade3", "volume": 0.5}
        ],
        "subtitle": "subtitles.entity.wandering_trader.trade"
    },
     "entity.wandering_trader.death": {
        "replace": true,
        "sounds": [
            {"name": "voices:entity/villager/death/death", "volume": 0.5}
        ],
        "subtitle": "subtitles.entity.wandering_trader.death"
    },
     "entity.wandering_trader.hurt": {
        "replace": true,
        "sounds": [
            {"name": "voices:entity/villager/hurt/hurt1", "volume": 0.5},
            {"name": "voices:entity/villager/hurt/hurt2", "volume": 0.5},
            {"name": "voices:entity/villager/hurt/hurt3", "volume": 0.5},
            {"name": "voices:entity/villager/hurt/hurt4", "volume": 0.5}
        ],
        "subtitle": "subtitles.entity.wandering_trader.hurt"
    },
     "entity.wandering_trader.yes": {
        "replace": true,
        "sounds": [
            {"name": "voices:entity/villager/yes/accept1", "volume": 0.5},
            {"name": "voices:entity/villager/yes/accept2", "volume": 0.5},
            {"name": "voices:entity/villager/yes/accept3", "volume": 0.5}
        ],
        "subtitle": "subtitles.entity.wandering_trader.yes"
    },
     "entity.wandering_trader.no": {
        "replace": true,
        "sounds": [
            {"name": "voices:entity/villager/no/deny1", "volume": 0.5},
            {"name": "voices:entity/villager/no/deny2", "volume": 0.5},
            {"name": "voices:entity/villager/no/deny3", "volume": 0.5}
        ],
        "subtitle": "subtitles.entity.wandering_trader.no"
    },
    "entity.wandering_trader.disappeared": {
        "replace": true,
        "sounds": [
            {"name": "voices:entity/wandering_trader/disappeared/disappeared", "volume": 0.5}
        ],
        "subtitle": "subtitles.entity.wandering_trader.disappeared"
    },
    "entity.wandering_trader.reappeared": {
        "replace": true,
        "sounds": [
            {"name": "voices:entity/wandering_trader/reappeared/reappeared", "volume": 0.5}
        ],
        "subtitle": "subtitles.entity.wandering_trader.reappeared"
    },
     "entity.zombie_villager.ambient": {
        "replace": true,
        "sounds": [
            {"name": "voices:entity/zombie_villager/ambient/idle1", "volume": 0.5},
            {"name": "voices:entity/zombie_villager/ambient/idle2", "volume": 0.5},
            {"name": "voices:entity/zombie_villager/ambient/idle3", "volume": 0.5},
            {"name": "voices:entity/zombie_villager/ambient/idle4", "volume": 0.5}
        ],
        "subtitle": "subtitles.entity.zombie_villager.ambient"
    }
}
