{
	"format_version": "1.21.6",
	"credit": "Made with Blockbench",
	"textures": {
		"0": "farmersdelight:block/brown_mushroom_colony_model",
		"particle": "farmersdelight:block/brown_mushroom_colony_model"
	},
	"elements": [
		{
			"from": [9, 0, 9],
			"to": [11, 9, 11],
			"rotation": {"angle": 0, "axis": "y", "origin": [8.5, 2.75, 6.5]},
			"faces": {
				"north": {"uv": [11, 6, 13, 10], "texture": "#0"},
				"east": {"uv": [0, 12, 2, 16], "texture": "#0"},
				"south": {"uv": [2, 12, 4, 16], "texture": "#0"},
				"west": {"uv": [4, 12, 6, 16], "texture": "#0"},
				"up": {"uv": [8, 15, 6, 13], "texture": "#0"},
				"down": {"uv": [15, 6, 13, 8], "texture": "#0"}
			}
		},
		{
			"from": [6, 9, 6],
			"to": [14, 11, 14],
			"rotation": {"angle": 0, "axis": "y", "origin": [10, 7.25, 10]},
			"faces": {
				"north": {"uv": [7, 0, 13, 2], "texture": "#0"},
				"east": {"uv": [10, 3, 16, 5], "texture": "#0"},
				"south": {"uv": [6, 2, 12, 4], "texture": "#0"},
				"west": {"uv": [0, 3, 6, 5], "texture": "#0"},
				"up": {"uv": [6, 6, 0, 0], "texture": "#0"},
				"down": {"uv": [6, 6, 0, 12], "texture": "#0"}
			}
		},
		{
			"from": [3, 0, 12],
			"to": [4, 2, 13],
			"rotation": {"angle": 0, "axis": "y", "origin": [3.5, 1.75, 12.5]},
			"faces": {
				"north": {"uv": [8, 13, 9, 15], "texture": "#0"},
				"east": {"uv": [13, 8, 14, 10], "texture": "#0"},
				"south": {"uv": [9, 13, 10, 15], "texture": "#0"},
				"west": {"uv": [10, 13, 11, 15], "texture": "#0"},
				"up": {"uv": [12, 14, 11, 13], "texture": "#0"},
				"down": {"uv": [13, 13, 12, 14], "texture": "#0"}
			}
		},
		{
			"from": [1, 2, 10],
			"to": [6, 3, 15],
			"rotation": {"angle": 0, "axis": "y", "origin": [3.5, 1.75, 12.5]},
			"faces": {
				"north": {"uv": [11, 12, 16, 13], "texture": "#0"},
				"east": {"uv": [6, 11, 11, 12], "texture": "#0"},
				"south": {"uv": [11, 11, 16, 12], "texture": "#0"},
				"west": {"uv": [6, 10, 11, 11], "texture": "#0"},
				"up": {"uv": [11, 5, 6, 0], "texture": "#0"},
				"down": {"uv": [11, 5, 6, 10], "texture": "#0"}
			}
		},
		{
			"from": [4, 0, 3],
			"to": [6, 4, 5],
			"rotation": {"angle": 0, "axis": "y", "origin": [8.5, 2.75, 6.5]},
			"faces": {
				"north": {"uv": [11, 6, 13, 10], "texture": "#0"},
				"east": {"uv": [0, 12, 2, 16], "texture": "#0"},
				"south": {"uv": [2, 12, 4, 16], "texture": "#0"},
				"west": {"uv": [4, 12, 6, 16], "texture": "#0"},
				"up": {"uv": [8, 15, 6, 13], "texture": "#0"},
				"down": {"uv": [15, 6, 13, 8], "texture": "#0"}
			}
		},
		{
			"from": [1, 4, 0],
			"to": [8, 6, 7],
			"rotation": {"angle": 0, "axis": "y", "origin": [4.75, 3.5, 3.75]},
			"faces": {
				"north": {"uv": [0, 4, 6, 6], "texture": "#0"},
				"east": {"uv": [10, 3, 16, 5], "texture": "#0"},
				"south": {"uv": [7, 2, 13, 4], "texture": "#0"},
				"west": {"uv": [0, 0, 6, 2], "texture": "#0"},
				"up": {"uv": [6, 6, 0, 0], "texture": "#0"},
				"down": {"uv": [6, 6, 0, 12], "texture": "#0"}
			}
		},
		{
			"from": [11, 0, 2],
			"to": [13, 2, 4],
			"rotation": {"angle": 0, "axis": "y", "origin": [8.5, 2.75, 6.5]},
			"faces": {
				"north": {"uv": [11, 6, 13, 10], "texture": "#0"},
				"east": {"uv": [0, 12, 2, 16], "texture": "#0"},
				"south": {"uv": [2, 12, 4, 16], "texture": "#0"},
				"west": {"uv": [4, 12, 6, 16], "texture": "#0"},
				"up": {"uv": [8, 15, 6, 13], "texture": "#0"},
				"down": {"uv": [15, 6, 13, 8], "texture": "#0"}
			}
		},
		{
			"from": [9, 2, 0],
			"to": [15, 4, 6],
			"rotation": {"angle": 0, "axis": "y", "origin": [12, 2, 3]},
			"faces": {
				"north": {"uv": [9, 10, 15, 12], "texture": "#0"},
				"east": {"uv": [6, 2, 12, 4], "texture": "#0"},
				"south": {"uv": [6, 0, 12, 2], "texture": "#0"},
				"west": {"uv": [10, 3, 16, 5], "texture": "#0"},
				"up": {"uv": [6, 6, 0, 0], "texture": "#0"},
				"down": {"uv": [6, 6, 0, 12], "texture": "#0"}
			}
		}
	],
	"display": {},
	"groups": [
		{
			"name": "group",
			"origin": [8, 8, 8],
			"color": 0,
			"children": [0, 1]
		},
		{
			"name": "group",
			"origin": [8, 8, 8],
			"color": 0,
			"children": [2, 3]
		},
		{
			"name": "group",
			"origin": [8, 8, 8],
			"color": 0,
			"children": [4, 5]
		},
		{
			"name": "group",
			"origin": [8, 8, 8],
			"color": 0,
			"children": [6, 7]
		}
	]
}