{
	"format_version": "1.21.6",
	"credit": "Made with Blockbench",
	"textures": {
		"0": "farmersdelight:block/brown_mushroom_colony_model",
		"particle": "farmersdelight:block/brown_mushroom_colony_model"
	},
	"elements": [
		{
			"from": [9, 0, 9],
			"to": [11, 4, 11],
			"rotation": {"angle": 0, "axis": "y", "origin": [10, 3, 10]},
			"faces": {
				"north": {"uv": [11, 6, 13, 10], "texture": "#0"},
				"east": {"uv": [0, 12, 2, 16], "texture": "#0"},
				"south": {"uv": [2, 12, 4, 16], "texture": "#0"},
				"west": {"uv": [4, 12, 6, 16], "texture": "#0"},
				"up": {"uv": [8, 15, 6, 13], "texture": "#0"},
				"down": {"uv": [15, 6, 13, 8], "texture": "#0"}
			}
		},
		{
			"from": [7, 3, 7],
			"to": [13, 5, 13],
			"rotation": {"angle": 0, "axis": "y", "origin": [10, 3, 10]},
			"faces": {
				"north": {"uv": [10, 11, 16, 13], "texture": "#0"},
				"east": {"uv": [10, 3, 16, 5], "texture": "#0"},
				"south": {"uv": [6, 1, 12, 3], "texture": "#0"},
				"west": {"uv": [6, 3, 12, 5], "texture": "#0"},
				"up": {"uv": [6, 6, 0, 0], "texture": "#0"},
				"down": {"uv": [6, 6, 0, 12], "texture": "#0"}
			}
		},
		{
			"from": [4, 0, 4],
			"to": [5, 2, 5],
			"rotation": {"angle": 0, "axis": "y", "origin": [4.5, 1.75, 4.5]},
			"faces": {
				"north": {"uv": [8, 13, 9, 15], "texture": "#0"},
				"east": {"uv": [13, 8, 14, 10], "texture": "#0"},
				"south": {"uv": [9, 13, 10, 15], "texture": "#0"},
				"west": {"uv": [10, 13, 11, 15], "texture": "#0"},
				"up": {"uv": [12, 14, 11, 13], "texture": "#0"},
				"down": {"uv": [13, 13, 12, 14], "texture": "#0"}
			}
		},
		{
			"from": [2, 2, 2],
			"to": [7, 3, 7],
			"rotation": {"angle": 0, "axis": "y", "origin": [4.5, 1.75, 4.5]},
			"faces": {
				"north": {"uv": [7, 11, 12, 12], "texture": "#0"},
				"east": {"uv": [7, 10, 12, 11], "texture": "#0"},
				"south": {"uv": [11, 11, 16, 12], "texture": "#0"},
				"west": {"uv": [6, 12, 11, 13], "texture": "#0"},
				"up": {"uv": [11, 5, 6, 0], "texture": "#0"},
				"down": {"uv": [11, 5, 6, 10], "texture": "#0"}
			}
		}
	],
	"groups": [
		{
			"name": "group",
			"origin": [8, 8, 8],
			"color": 0,
			"children": [0, 1]
		},
		{
			"name": "group",
			"origin": [8, 8, 8],
			"color": 0,
			"children": [2, 3]
		}
	]
}