{
	"format_version": "1.21.6",
	"credit": "Made with Blockbench",
	"textures": {
		"0": "farmersdelight:block/brown_mushroom_colony_model",
		"particle": "farmersdelight:block/brown_mushroom_colony_model"
	},
	"elements": [
		{
			"from": [9, 0, 9],
			"to": [11, 7, 11],
			"rotation": {"angle": 0, "axis": "y", "origin": [10, 5.75, 10]},
			"faces": {
				"north": {"uv": [11, 6, 13, 10], "texture": "#0"},
				"east": {"uv": [0, 12, 2, 16], "texture": "#0"},
				"south": {"uv": [2, 12, 4, 16], "texture": "#0"},
				"west": {"uv": [4, 12, 6, 16], "texture": "#0"},
				"up": {"uv": [8, 15, 6, 13], "texture": "#0"},
				"down": {"uv": [15, 6, 13, 8], "texture": "#0"}
			}
		},
		{
			"from": [7, 7, 7],
			"to": [13, 9, 13],
			"rotation": {"angle": 0, "axis": "y", "origin": [10, 5.75, 10]},
			"faces": {
				"north": {"uv": [10, 0, 16, 2], "texture": "#0"},
				"east": {"uv": [6, 0, 12, 2], "texture": "#0"},
				"south": {"uv": [10, 3, 16, 5], "texture": "#0"},
				"west": {"uv": [6, 3, 12, 5], "texture": "#0"},
				"up": {"uv": [6, 6, 0, 0], "texture": "#0"},
				"down": {"uv": [6, 6, 0, 12], "texture": "#0"}
			}
		},
		{
			"from": [3, 0, 2],
			"to": [5, 4, 4],
			"rotation": {"angle": 0, "axis": "y", "origin": [8, 2.25, 6.5]},
			"faces": {
				"north": {"uv": [11, 6, 13, 10], "texture": "#0"},
				"east": {"uv": [0, 12, 2, 16], "texture": "#0"},
				"south": {"uv": [2, 12, 4, 16], "texture": "#0"},
				"west": {"uv": [4, 12, 6, 16], "texture": "#0"},
				"up": {"uv": [8, 15, 6, 13], "texture": "#0"},
				"down": {"uv": [15, 6, 13, 8], "texture": "#0"}
			}
		},
		{
			"from": [1, 4, 0],
			"to": [7, 6, 6],
			"rotation": {"angle": 0, "axis": "y", "origin": [4, 3.5, 3]},
			"faces": {
				"north": {"uv": [10, 11, 16, 13], "texture": "#0"},
				"east": {"uv": [10, 0, 16, 2], "texture": "#0"},
				"south": {"uv": [10, 2, 16, 4], "texture": "#0"},
				"west": {"uv": [4, 2, 10, 4], "texture": "#0"},
				"up": {"uv": [6, 6, 0, 0], "texture": "#0"},
				"down": {"uv": [6, 6, 0, 12], "texture": "#0"}
			}
		},
		{
			"from": [11, 0, 2],
			"to": [13, 2, 4],
			"rotation": {"angle": 0, "axis": "y", "origin": [8, 2.25, 6.5]},
			"faces": {
				"north": {"uv": [11, 6, 13, 10], "texture": "#0"},
				"east": {"uv": [0, 12, 2, 16], "texture": "#0"},
				"south": {"uv": [2, 12, 4, 16], "texture": "#0"},
				"west": {"uv": [4, 12, 6, 16], "texture": "#0"},
				"up": {"uv": [8, 15, 6, 13], "texture": "#0"},
				"down": {"uv": [15, 6, 13, 8], "texture": "#0"}
			}
		},
		{
			"from": [9, 2, 0],
			"to": [15, 4, 6],
			"rotation": {"angle": 0, "axis": "y", "origin": [12, 2, 3]},
			"faces": {
				"north": {"uv": [6, 11, 12, 13], "texture": "#0"},
				"east": {"uv": [10, 1, 16, 3], "texture": "#0"},
				"south": {"uv": [4, 0, 10, 2], "texture": "#0"},
				"west": {"uv": [6, 3, 12, 5], "texture": "#0"},
				"up": {"uv": [6, 6, 0, 0], "texture": "#0"},
				"down": {"uv": [6, 6, 0, 12], "texture": "#0"}
			}
		}
	],
	"groups": [
		{
			"name": "group",
			"origin": [8, 8, 8],
			"color": 0,
			"children": [0, 1]
		},
		{
			"name": "group",
			"origin": [8, 8, 8],
			"color": 0,
			"children": [2, 3]
		},
		{
			"name": "group",
			"origin": [8, 8, 8],
			"color": 0,
			"children": [4, 5]
		}
	]
}