{
	"format_version": "1.21.6",
	"credit": "Made with Blockbench",
	"textures": {
		"0": "farmersdelight:block/brown_mushroom_colony_model",
		"particle": "farmersdelight:block/brown_mushroom_colony_model"
	},
	"elements": [
		{
			"from": [9, 0, 9],
			"to": [11, 4, 11],
			"rotation": {"angle": 0, "axis": "y", "origin": [10, 3.5, 10]},
			"faces": {
				"north": {"uv": [11, 6, 13, 10], "texture": "#0"},
				"east": {"uv": [0, 12, 2, 16], "texture": "#0"},
				"south": {"uv": [2, 12, 4, 16], "texture": "#0"},
				"west": {"uv": [4, 12, 6, 16], "texture": "#0"},
				"up": {"uv": [8, 15, 6, 13], "texture": "#0"},
				"down": {"uv": [15, 6, 13, 8], "texture": "#0"}
			}
		},
		{
			"from": [7, 4, 7],
			"to": [13, 6, 13],
			"rotation": {"angle": 0, "axis": "y", "origin": [10, 3.5, 10]},
			"faces": {
				"north": {"uv": [8, 10, 14, 12], "texture": "#0"},
				"east": {"uv": [10, 2, 16, 4], "texture": "#0"},
				"south": {"uv": [6, 0, 12, 2], "texture": "#0"},
				"west": {"uv": [0, 4, 6, 6], "texture": "#0"},
				"up": {"uv": [6, 6, 0, 0], "texture": "#0"},
				"down": {"uv": [6, 6, 0, 12], "texture": "#0"}
			}
		},
		{
			"from": [11, 0, 4],
			"to": [12, 1, 5],
			"rotation": {"angle": 0, "axis": "y", "origin": [11.5, 1, 4.5]},
			"faces": {
				"north": {"uv": [8, 13, 9, 15], "texture": "#0"},
				"east": {"uv": [13, 8, 14, 10], "texture": "#0"},
				"south": {"uv": [9, 13, 10, 15], "texture": "#0"},
				"west": {"uv": [10, 13, 11, 15], "texture": "#0"},
				"up": {"uv": [12, 14, 11, 13], "texture": "#0"},
				"down": {"uv": [13, 13, 12, 14], "texture": "#0"}
			}
		},
		{
			"from": [9, 1, 2],
			"to": [14, 2, 7],
			"rotation": {"angle": 0, "axis": "y", "origin": [11.5, 1, 4.5]},
			"faces": {
				"north": {"uv": [6, 10, 11, 11], "texture": "#0"},
				"east": {"uv": [0, 4, 5, 5], "texture": "#0"},
				"south": {"uv": [0, 5, 5, 6], "texture": "#0"},
				"west": {"uv": [6, 11, 11, 12], "texture": "#0"},
				"up": {"uv": [11, 5, 6, 0], "texture": "#0"},
				"down": {"uv": [11, 5, 6, 10], "texture": "#0"}
			}
		},
		{
			"from": [3, 0, 2],
			"to": [5, 4, 4],
			"rotation": {"angle": 0, "axis": "y", "origin": [4, 3, 3]},
			"faces": {
				"north": {"uv": [11, 6, 13, 10], "texture": "#0"},
				"east": {"uv": [0, 12, 2, 16], "texture": "#0"},
				"south": {"uv": [2, 12, 4, 16], "texture": "#0"},
				"west": {"uv": [4, 12, 6, 16], "texture": "#0"},
				"up": {"uv": [8, 15, 6, 13], "texture": "#0"},
				"down": {"uv": [15, 6, 13, 8], "texture": "#0"}
			}
		},
		{
			"from": [1, 3, 0],
			"to": [7, 5, 6],
			"rotation": {"angle": 0, "axis": "y", "origin": [4, 3, 3]},
			"faces": {
				"north": {"uv": [6, 11, 12, 13], "texture": "#0"},
				"east": {"uv": [0, 0, 6, 2], "texture": "#0"},
				"south": {"uv": [6, 1, 12, 3], "texture": "#0"},
				"west": {"uv": [6, 3, 12, 5], "texture": "#0"},
				"up": {"uv": [6, 6, 0, 0], "texture": "#0"},
				"down": {"uv": [6, 6, 0, 12], "texture": "#0"}
			}
		}
	],
	"groups": [
		{
			"name": "group",
			"origin": [8, 8, 8],
			"color": 0,
			"children": [0, 1]
		},
		{
			"name": "group",
			"origin": [8, 8, 8],
			"color": 0,
			"children": [2, 3]
		},
		{
			"name": "group",
			"origin": [8, 8, 8],
			"color": 0,
			"children": [4, 5]
		}
	]
}