{
	"format_version": "1.21.6",
	"credit": "Made with Blockbench",
	"texture_size": [32, 32],
	"textures": {
		"0": "farmersdelight:block/red_mushroom_colony_model",
		"particle": "farmersdelight:block/red_mushroom_colony_model"
	},
	"elements": [
		{
			"from": [4, 0, 6],
			"to": [6, 6, 8],
			"rotation": {"angle": 0, "axis": "y", "origin": [4, 0, 6]},
			"faces": {
				"north": {"uv": [7, 12.5, 8, 14.5], "texture": "#0"},
				"east": {"uv": [8, 12.5, 9, 14.5], "texture": "#0"},
				"south": {"uv": [9, 12.5, 10, 14.5], "texture": "#0"},
				"west": {"uv": [10, 12.5, 11, 14.5], "texture": "#0"},
				"up": {"uv": [5, 14.5, 4, 13.5], "texture": "#0"},
				"down": {"uv": [6, 13.5, 5, 14.5], "texture": "#0"}
			}
		},
		{
			"from": [2, 5, 4],
			"to": [8, 8, 10],
			"rotation": {"angle": 0, "axis": "y", "origin": [-4, 2, -2]},
			"faces": {
				"north": {"uv": [7, 8, 10, 9.5], "texture": "#0"},
				"east": {"uv": [4, 9, 7, 10.5], "texture": "#0"},
				"south": {"uv": [9.5, 3, 12.5, 4.5], "texture": "#0"},
				"west": {"uv": [9.5, 4.5, 12.5, 6], "texture": "#0"},
				"up": {"uv": [7, 9, 4, 6], "texture": "#0"},
				"down": {"uv": [10, 0, 7, 3], "texture": "#0"}
			}
		},
		{
			"from": [3, 8, 5],
			"to": [7, 10, 9],
			"rotation": {"angle": 0, "axis": "y", "origin": [-4, 2, -2]},
			"faces": {
				"north": {"uv": [11, 12.5, 13, 13.5], "texture": "#0"},
				"east": {"uv": [13, 8, 15, 9], "texture": "#0"},
				"south": {"uv": [13, 10, 15, 11], "texture": "#0"},
				"west": {"uv": [13, 11, 15, 12], "texture": "#0"},
				"up": {"uv": [8, 12.5, 6, 10.5], "texture": "#0"},
				"down": {"uv": [10, 10.5, 8, 12.5], "texture": "#0"}
			}
		},
		{
			"from": [3, 0, 2],
			"to": [4, 2, 3],
			"rotation": {"angle": 0, "axis": "y", "origin": [3.5, 1, 2.5]},
			"faces": {
				"north": {"uv": [6, 13.5, 6.5, 14.5], "texture": "#0"},
				"east": {"uv": [6.5, 13.5, 7, 14.5], "texture": "#0"},
				"south": {"uv": [14, 0, 14.5, 1], "texture": "#0"},
				"west": {"uv": [1.5, 14, 2, 15], "texture": "#0"},
				"up": {"uv": [10.5, 9.5, 10, 9], "texture": "#0"},
				"down": {"uv": [11, 9, 10.5, 9.5], "texture": "#0"}
			}
		},
		{
			"from": [1, 2, 0],
			"to": [6, 3, 5],
			"rotation": {"angle": 0, "axis": "y", "origin": [3.5, 2.5, 2.5]},
			"faces": {
				"north": {"uv": [13, 12, 15.5, 12.5], "texture": "#0"},
				"east": {"uv": [13, 12.5, 15.5, 13], "texture": "#0"},
				"south": {"uv": [13, 13, 15.5, 13.5], "texture": "#0"},
				"west": {"uv": [13.5, 1, 16, 1.5], "texture": "#0"},
				"up": {"uv": [9.5, 5.5, 7, 3], "texture": "#0"},
				"down": {"uv": [9.5, 5.5, 7, 8], "texture": "#0"}
			}
		},
		{
			"from": [2, 3, 1],
			"to": [5, 4, 4],
			"rotation": {"angle": 0, "axis": "y", "origin": [3.5, 3.5, 2.5]},
			"faces": {
				"north": {"uv": [11, 10, 12.5, 10.5], "texture": "#0"},
				"east": {"uv": [13.5, 6, 15, 6.5], "texture": "#0"},
				"south": {"uv": [13.5, 6.5, 15, 7], "texture": "#0"},
				"west": {"uv": [13.5, 7, 15, 7.5], "texture": "#0"},
				"up": {"uv": [13.5, 2.5, 12, 1], "texture": "#0"},
				"down": {"uv": [1.5, 12.5, 0, 14], "texture": "#0"}
			}
		},
		{
			"from": [3, 4, 2],
			"to": [4, 5, 3],
			"rotation": {"angle": 0, "axis": "y", "origin": [3.5, 4.5, 2.5]},
			"faces": {
				"north": {"uv": [12, 2.5, 12.5, 3], "texture": "#0"},
				"east": {"uv": [12.5, 10, 13, 10.5], "texture": "#0"},
				"south": {"uv": [14, 3.5, 14.5, 4], "texture": "#0"},
				"west": {"uv": [11, 14, 11.5, 14.5], "texture": "#0"},
				"up": {"uv": [12, 14.5, 11.5, 14], "texture": "#0"},
				"down": {"uv": [12.5, 14, 12, 14.5], "texture": "#0"}
			}
		},
		{
			"from": [10, 0, 11],
			"to": [12, 4, 13],
			"rotation": {"angle": 0, "axis": "y", "origin": [11, 4.5, 12]},
			"faces": {
				"north": {"uv": [7, 12.5, 8, 14.5], "texture": "#0"},
				"east": {"uv": [8, 12.5, 9, 14.5], "texture": "#0"},
				"south": {"uv": [9, 12.5, 10, 14.5], "texture": "#0"},
				"west": {"uv": [10, 12.5, 11, 14.5], "texture": "#0"},
				"up": {"uv": [5, 14.5, 4, 13.5], "texture": "#0"},
				"down": {"uv": [6, 13.5, 5, 14.5], "texture": "#0"}
			}
		},
		{
			"from": [8, 2, 9],
			"to": [14, 4, 15],
			"rotation": {"angle": 0, "axis": "y", "origin": [11, 3.5, 12]},
			"faces": {
				"north": {"uv": [7, 8, 10, 9.5], "texture": "#0"},
				"east": {"uv": [4, 9, 7, 10.5], "texture": "#0"},
				"south": {"uv": [9.5, 3, 12.5, 4.5], "texture": "#0"},
				"west": {"uv": [9.5, 4.5, 12.5, 6], "texture": "#0"},
				"up": {"uv": [7, 9, 4, 6], "texture": "#0"},
				"down": {"uv": [10, 0, 7, 3], "texture": "#0"}
			}
		},
		{
			"from": [9, 4, 10],
			"to": [13, 6, 14],
			"rotation": {"angle": 0, "axis": "y", "origin": [11, 2.5, 12]},
			"faces": {
				"north": {"uv": [11, 12.5, 13, 13.5], "texture": "#0"},
				"east": {"uv": [13, 8, 15, 9], "texture": "#0"},
				"south": {"uv": [13, 10, 15, 11], "texture": "#0"},
				"west": {"uv": [13, 11, 15, 12], "texture": "#0"},
				"up": {"uv": [8, 12.5, 6, 10.5], "texture": "#0"},
				"down": {"uv": [10, 10.5, 8, 12.5], "texture": "#0"}
			}
		}
	],
	"groups": [
		{
			"name": "group",
			"origin": [8, 8, 8],
			"color": 0,
			"children": [0, 1, 2]
		},
		{
			"name": "group",
			"origin": [8, 8, 8],
			"color": 0,
			"children": [3, 4, 5, 6]
		},
		{
			"name": "group",
			"origin": [8, 8, 8],
			"color": 0,
			"children": [7, 8, 9]
		}
	]
}