{
	"format_version": "1.21.6",
	"credit": "Made with Blockbench",
	"texture_size": [32, 32],
	"textures": {
		"0": "farmersdelight:block/red_mushroom_colony_model",
		"particle": "farmersdelight:block/red_mushroom_colony_model"
	},
	"elements": [
		{
			"from": [4, 0, 6],
			"to": [6, 4, 8],
			"rotation": {"angle": 0, "axis": "y", "origin": [5, 4.5, 7]},
			"faces": {
				"north": {"uv": [7, 12.5, 8, 14.5], "texture": "#0"},
				"east": {"uv": [8, 12.5, 9, 14.5], "texture": "#0"},
				"south": {"uv": [9, 12.5, 10, 14.5], "texture": "#0"},
				"west": {"uv": [10, 12.5, 11, 14.5], "texture": "#0"},
				"up": {"uv": [5, 14.5, 4, 13.5], "texture": "#0"},
				"down": {"uv": [6, 13.5, 5, 14.5], "texture": "#0"}
			}
		},
		{
			"from": [2, 3, 4],
			"to": [8, 6, 10],
			"rotation": {"angle": 0, "axis": "y", "origin": [5, 4.5, 7]},
			"faces": {
				"north": {"uv": [7, 8, 10, 9.5], "texture": "#0"},
				"east": {"uv": [4, 9, 7, 10.5], "texture": "#0"},
				"south": {"uv": [9.5, 3, 12.5, 4.5], "texture": "#0"},
				"west": {"uv": [9.5, 4.5, 12.5, 6], "texture": "#0"},
				"up": {"uv": [7, 9, 4, 6], "texture": "#0"},
				"down": {"uv": [10, 0, 7, 3], "texture": "#0"}
			}
		},
		{
			"from": [3, 6, 5],
			"to": [7, 8, 9],
			"rotation": {"angle": 0, "axis": "y", "origin": [5, 4.5, 7]},
			"faces": {
				"north": {"uv": [11, 12.5, 13, 13.5], "texture": "#0"},
				"east": {"uv": [13, 8, 15, 9], "texture": "#0"},
				"south": {"uv": [13, 10, 15, 11], "texture": "#0"},
				"west": {"uv": [13, 11, 15, 12], "texture": "#0"},
				"up": {"uv": [8, 12.5, 6, 10.5], "texture": "#0"},
				"down": {"uv": [10, 10.5, 8, 12.5], "texture": "#0"}
			}
		},
		{
			"from": [10, 0, 10],
			"to": [12, 4, 12],
			"rotation": {"angle": 0, "axis": "y", "origin": [11, 4.5, 11]},
			"faces": {
				"north": {"uv": [7, 12.5, 8, 14.5], "texture": "#0"},
				"east": {"uv": [8, 12.5, 9, 14.5], "texture": "#0"},
				"south": {"uv": [9, 12.5, 10, 14.5], "texture": "#0"},
				"west": {"uv": [10, 12.5, 11, 14.5], "texture": "#0"},
				"up": {"uv": [5, 14.5, 4, 13.5], "texture": "#0"},
				"down": {"uv": [6, 13.5, 5, 14.5], "texture": "#0"}
			}
		},
		{
			"from": [8, 2, 8],
			"to": [14, 4, 14],
			"rotation": {"angle": 0, "axis": "y", "origin": [11, 3.5, 11]},
			"faces": {
				"north": {"uv": [7, 8, 10, 9.5], "texture": "#0"},
				"east": {"uv": [4, 9, 7, 10.5], "texture": "#0"},
				"south": {"uv": [9.5, 3, 12.5, 4.5], "texture": "#0"},
				"west": {"uv": [9.5, 4.5, 12.5, 6], "texture": "#0"},
				"up": {"uv": [7, 9, 4, 6], "texture": "#0"},
				"down": {"uv": [10, 0, 7, 3], "texture": "#0"}
			}
		},
		{
			"from": [9, 4, 9],
			"to": [13, 6, 13],
			"rotation": {"angle": 0, "axis": "y", "origin": [11, 2.5, 11]},
			"faces": {
				"north": {"uv": [11, 12.5, 13, 13.5], "texture": "#0"},
				"east": {"uv": [13, 8, 15, 9], "texture": "#0"},
				"south": {"uv": [13, 10, 15, 11], "texture": "#0"},
				"west": {"uv": [13, 11, 15, 12], "texture": "#0"},
				"up": {"uv": [8, 12.5, 6, 10.5], "texture": "#0"},
				"down": {"uv": [10, 10.5, 8, 12.5], "texture": "#0"}
			}
		}
	],
	"groups": [
		{
			"name": "group",
			"origin": [8, 8, 8],
			"color": 0,
			"children": [0, 1, 2]
		},
		{
			"name": "group",
			"origin": [8, 8, 8],
			"color": 0,
			"children": [3, 4, 5]
		}
	]
}