{
	"format_version": "1.21.6",
	"credit": "Made with Blockbench",
	"texture_size": [32, 32],
	"textures": {
		"0": "farmersdelight:block/red_mushroom_colony_model",
		"particle": "farmersdelight:block/red_mushroom_colony_model"
	},
	"elements": [
		{
			"from": [6, 0, 7],
			"to": [7, 2, 8],
			"rotation": {"angle": 0, "axis": "y", "origin": [6.5, 1, 7.5]},
			"faces": {
				"north": {"uv": [6, 13.5, 6.5, 14.5], "texture": "#0"},
				"east": {"uv": [6.5, 13.5, 7, 14.5], "texture": "#0"},
				"south": {"uv": [14, 0, 14.5, 1], "texture": "#0"},
				"west": {"uv": [1.5, 14, 2, 15], "texture": "#0"},
				"up": {"uv": [10.5, 9.5, 10, 9], "texture": "#0"},
				"down": {"uv": [11, 9, 10.5, 9.5], "texture": "#0"}
			}
		},
		{
			"from": [4, 2, 5],
			"to": [9, 3, 10],
			"rotation": {"angle": 0, "axis": "y", "origin": [6.5, 2.5, 7.5]},
			"faces": {
				"north": {"uv": [13, 12, 15.5, 12.5], "texture": "#0"},
				"east": {"uv": [13, 12.5, 15.5, 13], "texture": "#0"},
				"south": {"uv": [13, 13, 15.5, 13.5], "texture": "#0"},
				"west": {"uv": [13.5, 1, 16, 1.5], "texture": "#0"},
				"up": {"uv": [9.5, 5.5, 7, 3], "texture": "#0"},
				"down": {"uv": [9.5, 5.5, 7, 8], "texture": "#0"}
			}
		},
		{
			"from": [5, 3, 6],
			"to": [8, 4, 9],
			"rotation": {"angle": 0, "axis": "y", "origin": [6.5, 3.5, 7.5]},
			"faces": {
				"north": {"uv": [11, 10, 12.5, 10.5], "texture": "#0"},
				"east": {"uv": [13.5, 6, 15, 6.5], "texture": "#0"},
				"south": {"uv": [13.5, 6.5, 15, 7], "texture": "#0"},
				"west": {"uv": [13.5, 7, 15, 7.5], "texture": "#0"},
				"up": {"uv": [13.5, 2.5, 12, 1], "texture": "#0"},
				"down": {"uv": [1.5, 12.5, 0, 14], "texture": "#0"}
			}
		},
		{
			"from": [6, 4, 7],
			"to": [7, 5, 8],
			"rotation": {"angle": 0, "axis": "y", "origin": [6.5, 4.5, 7.5]},
			"faces": {
				"north": {"uv": [12, 2.5, 12.5, 3], "texture": "#0"},
				"east": {"uv": [12.5, 10, 13, 10.5], "texture": "#0"},
				"south": {"uv": [14, 3.5, 14.5, 4], "texture": "#0"},
				"west": {"uv": [11, 14, 11.5, 14.5], "texture": "#0"},
				"up": {"uv": [12, 14.5, 11.5, 14], "texture": "#0"},
				"down": {"uv": [12.5, 14, 12, 14.5], "texture": "#0"}
			}
		},
		{
			"from": [12, 0, 11],
			"to": [13, 2, 12],
			"rotation": {"angle": 0, "axis": "y", "origin": [11, 0, 10]},
			"faces": {
				"north": {"uv": [2, 14, 2.5, 15], "texture": "#0"},
				"east": {"uv": [2.5, 14, 3, 15], "texture": "#0"},
				"south": {"uv": [14, 2.5, 14.5, 3.5], "texture": "#0"},
				"west": {"uv": [14, 9, 14.5, 10], "texture": "#0"},
				"up": {"uv": [13, 14.5, 12.5, 14], "texture": "#0"},
				"down": {"uv": [13.5, 14, 13, 14.5], "texture": "#0"}
			}
		},
		{
			"from": [11, 2, 10],
			"to": [14, 3, 13],
			"rotation": {"angle": 0, "axis": "y", "origin": [12.5, 2.5, 11.5]},
			"faces": {
				"north": {"uv": [13.5, 7.5, 15, 8], "texture": "#0"},
				"east": {"uv": [11, 13.5, 12.5, 14], "texture": "#0"},
				"south": {"uv": [12.5, 13.5, 14, 14], "texture": "#0"},
				"west": {"uv": [0, 14, 1.5, 14.5], "texture": "#0"},
				"up": {"uv": [3, 14, 1.5, 12.5], "texture": "#0"},
				"down": {"uv": [14, 2.5, 12.5, 4], "texture": "#0"}
			}
		},
		{
			"from": [12, 3, 11],
			"to": [13, 4, 12],
			"rotation": {"angle": 0, "axis": "y", "origin": [12.5, 3.5, 11.5]},
			"faces": {
				"north": {"uv": [13.5, 14, 14, 14.5], "texture": "#0"},
				"east": {"uv": [14, 13.5, 14.5, 14], "texture": "#0"},
				"south": {"uv": [14, 14, 14.5, 14.5], "texture": "#0"},
				"west": {"uv": [0, 14.5, 0.5, 15], "texture": "#0"},
				"up": {"uv": [15, 0.5, 14.5, 0], "texture": "#0"},
				"down": {"uv": [1, 14.5, 0.5, 15], "texture": "#0"}
			}
		}
	],
	"groups": [
		{
			"name": "group",
			"origin": [8, 8, 8],
			"color": 0,
			"children": [0, 1, 2, 3]
		},
		{
			"name": "group",
			"origin": [8, 8, 8],
			"color": 0,
			"children": [4, 5, 6]
		}
	]
}