{
	"credit": "Made with Blockbench",
	"parent": "block/block",
	"textures": {
		"particle": "farmersdelight:block/stuffed_pumpkin_bottom",
		"bottom": "farmersdelight:block/stuffed_pumpkin_bottom",
		"details": "farmersdelight:block/stuffed_pumpkin_details",
		"side": "farmersdelight:block/stuffed_pumpkin_side",
		"top": "farmersdelight:block/stuffed_pumpkin_top_eaten"
	},
	"elements": [
		{
			"name": "spoon",
			"from": [5, 3, 7],
			"to": [15, 4, 9],
			"rotation": {"angle": 22.5, "axis": "z", "origin": [10, 4, 8]},
			"faces": {
				"north": {"uv": [3, 3, 2, 13], "rotation": 270, "texture": "#details"},
				"east": {"uv": [3, 3, 4, 1], "rotation": 90, "texture": "#details"},
				"south": {"uv": [4, 3, 3, 13], "rotation": 90, "texture": "#details"},
				"up": {"uv": [2, 3, 4, 13], "rotation": 90, "texture": "#details"},
				"down": {"uv": [4, 3, 2, 13], "rotation": 90, "texture": "#details"}
			}
		},
		{
			"name": "stuffing",
			"from": [4, 2, 4],
			"to": [12, 4, 12],
			"faces": {
				"north": {"uv": [6, 2, 14, 4], "rotation": 180, "texture": "#details"},
				"east": {"uv": [14, 4, 16, 12], "rotation": 90, "texture": "#details"},
				"south": {"uv": [6, 12, 14, 14], "texture": "#details"},
				"west": {"uv": [4, 4, 6, 12], "rotation": 270, "texture": "#details"},
				"up": {"uv": [6, 4, 14, 12], "texture": "#details"}
			}
		},
		{
			"name": "pumpkin",
			"from": [2, 0, 2],
			"to": [14, 3, 14],
			"faces": {
				"north": {"uv": [2, 13, 14, 16], "texture": "#side"},
				"east": {"uv": [2, 13, 14, 16], "texture": "#side"},
				"south": {"uv": [2, 13, 14, 16], "texture": "#side"},
				"west": {"uv": [2, 13, 14, 16], "texture": "#side"},
				"up": {"uv": [2, 2, 14, 14], "texture": "#top"},
				"down": {"uv": [2, 2, 14, 14], "texture": "#bottom"}
			}
		}
	],
	"display": {}
}